City_ID,City,Country,Lat,Lng,Max Temp,Humidity,Cloudiness,Wind Speed,weather description
0,Melilla,ES,35.2937,-2.9383,61.0,41,0,17.27,clear sky
1,Rikitea,PF,-23.1203,-134.9692,76.87,71,100,0.85,overcast clouds
2,Ponta Do Sol,PT,32.6667,-17.1,65.12,55,73,8.05,broken clouds
3,Yenagoa,NG,4.9247,6.2642,98.28,26,100,2.06,overcast clouds
4,Harper,LR,4.375,-7.7169,85.08,66,46,10.85,scattered clouds
5,Codrington,AU,-38.2667,141.9667,57.27,68,100,11.79,overcast clouds
6,Puerto Ayora,EC,-0.7393,-90.3518,76.96,92,51,1.01,broken clouds
7,Kharp,RU,66.8014,65.8081,4.35,93,15,5.61,few clouds
8,Cadillac,US,44.2519,-85.4012,31.91,100,100,9.22,snow
9,Mar Del Plata,AR,-38.0023,-57.5575,83.82,81,40,18.99,scattered clouds
10,Ushuaia,AR,-54.8,-68.3,53.22,82,0,5.75,clear sky
11,Kieta,PG,-6.2167,155.6333,81.25,82,100,10.98,overcast clouds
12,Atar,MR,20.5169,-13.0499,77.27,25,0,9.62,clear sky
13,Butaritari,KI,3.0707,172.7902,80.06,84,98,18.19,light rain
14,Vila,PT,42.0304,-8.1588,43.68,96,100,14.85,light rain
15,Neiafu,TO,-18.65,-173.9833,75.88,94,20,0.0,few clouds
16,Hilo,US,19.7297,-155.09,74.28,89,0,5.75,clear sky
17,Marzuq,YE,14.4,46.4667,67.03,39,16,5.32,few clouds
18,Qaanaaq,GL,77.484,-69.3632,-27.98,56,11,8.32,few clouds
19,Victoria,HK,22.2855,114.1577,63.32,66,0,8.01,clear sky
20,Tias,ES,28.9611,-13.645,64.08,59,75,23.02,broken clouds
21,Henties Bay,NA,-22.116,14.2845,68.04,83,59,10.74,broken clouds
22,Newtownards,GB,54.5924,-5.6909,42.93,78,20,6.91,few clouds
23,Saint George,US,37.1041,-113.5841,28.99,93,0,0.0,clear sky
24,Hermanus,ZA,-34.4187,19.2345,76.8,73,60,11.1,broken clouds
25,Port Elizabeth,ZA,-33.918,25.5701,79.11,86,75,19.57,light rain
26,Muros,ES,42.7762,-9.0603,56.08,93,100,28.5,overcast clouds
27,Chuy,UY,-33.6971,-53.4616,81.03,49,100,13.33,overcast clouds
28,Port Alfred,ZA,-33.5906,26.891,73.18,90,100,7.0,light rain
29,Bluff,NZ,-46.6,168.3333,56.82,94,100,8.48,overcast clouds
30,Atuona,PF,-9.8,-139.0333,78.62,76,19,19.89,light rain
31,Tasiilaq,GL,65.6145,-37.6368,10.56,95,100,3.67,light snow
32,Maneadero,MX,31.7167,-116.5667,49.05,70,2,2.39,clear sky
33,Upernavik,GL,72.7868,-56.1549,-11.7,96,100,6.85,overcast clouds
34,Banjar,ID,-8.19,114.9675,76.37,91,100,4.99,overcast clouds
35,Erie,US,42.7667,-78.6664,37.2,78,100,7.0,heavy intensity rain
36,Faya,SA,18.3851,42.4509,64.51,71,24,6.85,few clouds
37,Te Anau,NZ,-45.4167,167.7167,51.15,91,78,2.13,broken clouds
38,Dunedin,NZ,-45.8742,170.5036,60.8,91,7,4.94,clear sky
39,Lagoa,PT,39.05,-27.9833,56.23,73,71,10.2,broken clouds
40,Reyes,BO,-14.3167,-67.3833,77.16,83,100,8.05,overcast clouds
41,Georgetown,MY,5.4112,100.3354,84.13,66,20,3.44,light rain
42,Schipluiden,NL,51.9774,4.3157,42.03,66,20,9.22,few clouds
43,Hobart,AU,-42.8794,147.3294,55.26,75,75,6.91,broken clouds
44,Avarua,CK,-21.2078,-159.775,77.05,94,75,10.36,broken clouds
45,Sao Filipe,CV,14.8961,-24.4956,76.66,63,13,13.06,few clouds
46,Vaini,TO,-21.2,-175.2,80.76,83,20,6.91,few clouds
47,Kuminskiy,RU,58.6667,66.5667,15.01,96,77,4.68,broken clouds
48,Yellowknife,CA,62.456,-114.3525,19.92,93,100,11.5,light snow
49,Longyearbyen,SJ,78.2186,15.6401,28.24,69,40,19.57,scattered clouds
50,Constitucion,CL,-35.3333,-72.4167,65.17,68,72,7.67,broken clouds
51,Busselton,AU,-33.65,115.3333,70.43,50,15,16.71,few clouds
52,Fortuna,US,40.5982,-124.1573,36.36,97,0,0.0,clear sky
53,Mataura,NZ,-46.1927,168.8643,53.42,99,85,3.0,overcast clouds
54,Ilulissat,GL,69.2167,-51.1,-33.25,66,0,4.65,clear sky
55,Yumen,CN,40.2833,97.2,9.54,68,0,10.92,clear sky
56,Portland,US,45.5234,-122.6762,41.09,92,100,5.01,overcast clouds
57,New Norfolk,AU,-42.7826,147.0587,54.9,65,20,1.99,few clouds
58,Tessalit,ML,20.1986,1.0114,81.28,10,88,5.3,overcast clouds
59,Saint-Joseph,RE,-21.3667,55.6167,77.38,85,100,5.84,moderate rain
60,Eureka,US,40.8021,-124.1637,37.67,97,98,4.36,overcast clouds
61,Vostok,RU,46.4856,135.8833,5.54,98,99,2.37,overcast clouds
62,Kaitangata,NZ,-46.2817,169.8464,57.96,95,80,3.42,broken clouds
63,Cape Town,ZA,-33.9258,18.4232,82.11,46,0,11.5,clear sky
64,Hithadhoo,MV,-0.6,73.0833,81.54,77,33,12.37,scattered clouds
65,Verkhnevilyuysk,RU,63.4453,120.3167,-37.62,97,100,5.14,overcast clouds
66,San,ML,13.3034,-4.8956,92.3,7,14,7.63,few clouds
67,Zmeinogorsk,RU,51.1567,82.195,6.12,96,100,6.02,light snow
68,Luau,AO,-10.7073,22.2247,74.53,80,78,5.28,light rain
69,Asau,RO,46.4333,26.4,54.52,52,40,11.36,scattered clouds
70,Alyangula,AU,-13.8483,136.4192,82.83,75,99,11.54,overcast clouds
71,Tigil,RU,57.8,158.6667,-20.06,100,81,0.76,broken clouds
72,Cockburn Town,TC,21.4612,-71.1419,76.06,68,48,14.74,scattered clouds
73,Arraial Do Cabo,BR,-22.9661,-42.0278,84.16,78,20,20.71,few clouds
74,Roald,NO,62.5833,6.1333,35.74,64,0,9.22,clear sky
75,Jamestown,US,42.097,-79.2353,39.72,71,100,13.8,moderate rain
76,Mukhen,RU,48.1,136.1,1.85,98,100,2.08,overcast clouds
77,Huarmey,PE,-10.0681,-78.1522,73.13,72,92,5.79,overcast clouds
78,Vondrozo,MG,-22.8167,47.2833,70.92,87,100,8.34,light rain
79,Samarinda,ID,-0.5,117.15,73.36,98,74,0.94,broken clouds
80,Kapaa,US,22.0752,-159.319,71.92,91,100,6.91,moderate rain
81,Saskylakh,RU,71.9167,114.0833,-42.27,100,51,2.86,broken clouds
82,Airai,TL,-8.9266,125.4092,61.72,91,100,1.92,overcast clouds
83,Petatlan,MX,17.5167,-101.2667,74.73,65,23,0.43,few clouds
84,Dikson,RU,73.5069,80.5464,-28.3,91,17,2.48,few clouds
85,Kalmunai,LK,7.4167,81.8167,77.97,59,86,14.32,overcast clouds
86,Mahebourg,MU,-20.4081,57.7,80.26,94,75,12.66,thunderstorm with rain
87,Kodiak,US,57.79,-152.4072,36.91,93,100,14.97,light rain
88,Cairns,AU,-16.9167,145.7667,77.07,91,58,3.44,broken clouds
89,Coquimbo,CL,-29.9533,-71.3436,64.13,82,100,6.91,overcast clouds
90,Warwick,US,41.7001,-71.4162,41.09,79,100,9.22,overcast clouds
91,Grindavik,IS,63.8424,-22.4338,23.47,80,75,6.91,broken clouds
92,Riyadh,SA,24.6877,46.7219,62.74,37,0,7.54,clear sky
93,Erenhot,CN,43.6475,111.9767,-1.57,69,0,8.75,clear sky
94,Mehran,IR,33.1222,46.1646,57.92,49,0,8.93,clear sky
95,Gambela,ET,8.25,34.5833,95.94,22,83,1.23,broken clouds
96,Castro,BR,-24.7911,-50.0119,74.64,74,96,4.27,overcast clouds
97,Bengkulu,ID,-3.8004,102.2655,72.5,96,100,5.84,overcast clouds
98,Tuatapere,NZ,-46.1333,167.6833,52.81,90,75,5.14,broken clouds
99,Alexandria,EG,31.2156,29.9553,68.54,68,0,4.61,clear sky
100,Guaraniacu,BR,-25.1008,-52.8781,83.32,46,46,3.44,scattered clouds
101,Rocha,UY,-34.4833,-54.3333,88.57,32,69,11.9,broken clouds
102,Barrow,US,71.2906,-156.7887,-9.38,77,100,19.57,haze
103,Bambous Virieux,MU,-20.3428,57.7575,80.22,94,75,12.66,thunderstorm with rain
104,Ratnagiri,IN,16.9833,73.3,73.94,66,7,7.99,clear sky
105,Clyde River,CA,70.4692,-68.5914,-25.37,75,40,3.44,scattered clouds
106,Beringovskiy,RU,63.05,179.3167,-18.99,94,98,7.94,overcast clouds
107,Lahad Datu,MY,5.0268,118.327,75.36,94,98,5.1,overcast clouds
108,Touho,NC,-20.7833,165.2333,76.3,79,66,8.3,broken clouds
109,Kavieng,PG,-2.5744,150.7967,82.02,75,95,7.58,overcast clouds
110,Lebu,CL,-37.6167,-73.65,63.68,73,99,7.54,overcast clouds
111,Nyrob,RU,60.733,56.7202,11.32,95,100,6.96,overcast clouds
112,Broome,US,42.2506,-75.833,36.86,90,100,5.75,snow
113,Rumphi,MW,-11.0186,33.8575,70.79,93,100,1.9,light rain
114,Broken Hill,AU,-31.95,141.4333,64.08,28,0,14.25,clear sky
115,Muskegon Heights,US,43.2011,-86.239,39.22,93,100,8.05,mist
116,Balagansk,RU,54.0103,103.0544,-14.28,97,100,2.73,overcast clouds
117,Pervomayskiy,RU,53.2485,40.2871,31.42,89,100,18.32,overcast clouds
118,Punta Arenas,CL,-53.15,-70.9167,59.11,63,75,4.61,broken clouds
119,Toms River,US,39.9537,-74.1979,42.91,86,100,1.01,overcast clouds
120,Vsetin,CZ,49.3387,17.9962,33.4,91,100,6.55,light snow
121,Cherskiy,RU,68.75,161.3,-43.6,100,100,3.38,overcast clouds
122,Santa Ines,BR,-3.6667,-45.38,71.83,94,100,3.0,overcast clouds
123,North Guwahati,IN,26.2014,91.7236,60.75,100,20,2.3,mist
124,Khatanga,RU,71.9667,102.5,-35.0,90,19,6.71,few clouds
125,Safakulevo,RU,54.9901,62.5442,5.49,83,99,4.61,overcast clouds
126,Olden,NO,61.8364,6.8064,29.14,92,96,4.43,overcast clouds
127,Moranbah,AU,-22.0016,148.0466,71.11,87,0,6.29,clear sky
128,Meulaboh,ID,4.1363,96.1285,77.2,76,97,2.73,overcast clouds
129,Igrim,RU,63.1906,64.4162,9.37,99,99,2.26,overcast clouds
130,Padang,ID,-0.9492,100.3543,77.05,89,100,5.14,overcast clouds
131,Tuktoyaktuk,CA,69.4541,-133.0374,-0.4,85,100,14.97,light snow
132,Hannibal,US,39.7084,-91.3585,38.7,87,100,13.8,overcast clouds
133,Marawi,PH,7.9986,124.2928,68.43,96,97,1.03,overcast clouds
134,Severo-Kurilsk,RU,50.6789,156.125,16.45,73,100,26.98,light snow
135,Logatec,SI,45.9144,14.2258,36.55,95,97,4.97,overcast clouds
136,Varna,BG,43.2167,27.9167,64.54,68,20,18.41,few clouds
137,Lagoa Nova,BR,-6.1,-36.4833,88.5,34,62,12.66,broken clouds
138,Ndele,CF,8.4109,20.6473,96.39,11,9,9.13,clear sky
139,Banda Aceh,ID,5.5577,95.3222,77.77,81,41,12.3,scattered clouds
140,Bethel,US,41.3712,-73.414,40.77,82,100,0.0,overcast clouds
141,Staronizhestebliyevskaya,RU,45.3767,38.4517,50.04,58,74,9.13,broken clouds
142,Sitka,US,57.0531,-135.33,39.09,81,100,20.71,light rain
143,Geraldton,AU,-28.7667,114.6,72.01,78,0,6.91,clear sky
144,Itoman,JP,26.1247,127.6694,60.82,63,75,8.05,broken clouds
145,Sinnamary,GF,5.3833,-52.95,77.27,85,86,3.38,overcast clouds
146,Guayaramerin,BO,-10.8368,-65.3614,80.65,74,75,6.91,broken clouds
147,Ahipara,NZ,-35.1667,173.1667,61.9,89,5,6.6,clear sky
148,Killam,CA,52.7834,-111.8518,10.35,85,99,1.14,overcast clouds
149,Matara,LK,5.9485,80.5353,74.35,71,13,9.28,few clouds
150,Kouango,CF,4.9934,19.9619,100.18,12,41,2.68,scattered clouds
151,Anadyr,RU,64.75,177.4833,-19.7,75,75,8.95,light snow
152,Mayo,US,38.8876,-76.5119,44.15,85,100,6.91,overcast clouds
153,Provideniya,RU,64.3833,-173.3,-22.29,91,29,5.35,scattered clouds
154,Samarai,PG,-10.6167,150.6667,79.63,85,100,11.48,light rain
155,Oktyabrskiy,RU,54.4815,53.471,-0.99,87,12,4.9,few clouds
156,Dali,CN,25.7,100.1833,41.88,45,0,4.92,clear sky
157,Santiago Del Estero,AR,-27.7951,-64.2615,98.53,24,0,7.76,clear sky
158,Mancio Lima,BR,-7.6142,-72.8958,73.47,100,100,0.0,overcast clouds
159,Wanning,CN,18.8003,110.3967,59.9,87,94,9.48,overcast clouds
160,San Patricio,US,28.017,-97.5169,63.84,29,13,11.03,few clouds
161,Skibbereen,IE,51.55,-9.2667,45.1,81,34,5.06,scattered clouds
162,Peniche,PT,39.3558,-9.3811,57.56,79,93,19.64,overcast clouds
163,Hoquiam,US,46.9809,-123.8893,41.0,92,40,4.61,mist
164,Sarakhs,IR,36.5449,61.1577,30.13,68,56,4.18,broken clouds
165,Muravlenko,RU,63.7898,74.523,0.86,98,98,4.29,overcast clouds
166,Poum,NC,-20.2333,164.0167,79.12,76,85,11.21,overcast clouds
167,Grand-Santi,GF,4.25,-54.3833,82.76,64,93,4.63,overcast clouds
168,Xining,CN,36.6167,101.7667,10.65,54,0,1.05,clear sky
169,Pangnirtung,CA,66.1451,-65.7125,-18.4,69,40,2.3,scattered clouds
170,Port Lincoln,AU,-34.7333,135.8667,59.41,68,100,16.6,overcast clouds
171,Biak,ID,-0.9131,122.8766,77.07,80,91,3.78,overcast clouds
172,Pokhara,NP,28.2333,83.9833,50.63,56,5,4.43,clear sky
173,Kloulklubed,PW,7.0419,134.2556,82.04,80,53,18.43,broken clouds
174,Bandarbeyla,SO,9.4942,50.8122,76.01,76,3,25.3,clear sky
175,Ubauro,PK,28.1652,69.7289,52.5,77,100,4.05,overcast clouds
176,Shipitsyno,RU,61.2806,46.5208,27.66,89,100,13.33,overcast clouds
177,Kasongo-Lunda,CD,-6.4667,16.8167,87.96,49,95,4.5,overcast clouds
178,Formosa Do Rio Preto,BR,-11.0483,-45.1931,78.6,76,99,4.61,overcast clouds
179,Lata,PT,40.1629,-8.3327,52.07,90,100,9.69,overcast clouds
180,Prince Rupert,CA,54.3161,-130.3201,40.69,87,100,27.63,light rain
181,Carbonia,IT,39.1672,8.5222,45.01,55,72,25.84,broken clouds
182,North Bend,US,43.4065,-124.2243,38.86,99,0,9.22,clear sky
183,Leninskoye,KZ,41.7589,69.3864,13.86,82,6,4.99,clear sky
184,Bredasdorp,ZA,-34.5322,20.0403,77.72,48,34,15.95,scattered clouds
185,Iqaluit,CA,63.7506,-68.5145,-16.87,76,75,0.0,broken clouds
186,Contamana,PE,-7.3333,-75.0167,72.09,99,100,1.5,overcast clouds
187,Peterhead,GB,57.5058,-1.7981,39.6,82,58,23.0,broken clouds
188,Moron,AR,-34.6534,-58.6198,91.02,67,2,8.46,clear sky
189,Puerto Madero,MX,14.7208,-92.4215,79.0,89,75,0.0,broken clouds
190,Papagaios,BR,-19.4492,-44.7478,79.86,68,49,2.84,light rain
191,Pleasanton,US,37.6624,-121.8747,44.8,93,0,1.01,clear sky
192,San Quintin,MX,30.4833,-115.95,52.47,67,17,5.41,few clouds
193,Carnarvon,AU,-24.8667,113.6333,78.1,73,35,10.4,scattered clouds
194,Iquitos,PE,-3.7481,-73.2472,77.04,94,100,3.44,overcast clouds
195,Buraydah,SA,26.326,43.975,61.25,36,0,7.05,clear sky
196,Lavrentiya,RU,65.5833,-171.0,-22.59,92,58,7.4,broken clouds
197,Lagdo,CM,9.05,13.7333,97.32,10,65,4.56,broken clouds
198,Moerai,PF,-22.4333,-151.3333,77.92,77,7,12.77,clear sky
199,Boyolangu,ID,-8.1181,111.8935,74.21,95,100,1.41,overcast clouds
200,Flinders,AU,-34.5833,150.8552,65.17,86,88,4.0,overcast clouds
201,Mayumba,GA,-3.432,10.6554,79.61,83,100,9.73,light rain
202,Aldan,RU,58.6031,125.3894,-46.93,99,100,2.24,overcast clouds
203,Albany,US,42.6001,-73.9662,34.38,87,100,0.56,overcast clouds
204,Sao Gabriel Da Cachoeira,BR,-0.1303,-67.0892,80.4,83,75,3.44,broken clouds
205,Novo Mesto,SI,45.804,15.1689,37.42,96,99,3.06,overcast clouds
206,Karasburg,NA,-28.0167,18.75,91.65,24,81,8.81,broken clouds
207,Encheng,CN,22.1839,112.3026,57.54,73,2,3.74,clear sky
208,Shumskiy,RU,54.8318,99.1328,6.01,96,100,1.61,overcast clouds
209,Alugan,PH,12.2188,125.4808,78.48,87,99,8.03,overcast clouds
210,Asfi,MA,32.2994,-9.2372,62.98,48,0,21.18,clear sky
211,Korla,CN,41.7597,86.1469,7.97,82,5,0.22,clear sky
212,Charagua,BO,-19.8,-63.2167,83.77,37,84,2.64,broken clouds
213,Luderitz,NA,-26.6481,15.1594,75.27,59,0,25.1,clear sky
214,Linqing,CN,36.8456,115.7117,30.04,23,3,9.6,clear sky
215,Sao Felix Do Xingu,BR,-6.6447,-51.995,79.36,78,88,1.36,overcast clouds
216,Klaksvik,FO,62.2266,-6.589,36.52,66,100,28.7,overcast clouds
217,Namie,JP,37.4833,141.0,38.98,70,4,8.46,clear sky
218,Mount Isa,AU,-20.7333,139.5,83.97,45,25,5.75,scattered clouds
219,Hasaki,JP,35.7333,140.8333,43.2,80,100,6.93,overcast clouds
220,Nsanje,MW,-16.92,35.262,83.07,74,52,6.33,light rain
221,Hay River,CA,60.8156,-115.7999,21.18,86,20,11.5,few clouds
222,Belyy Yar,RU,53.6039,91.3903,13.86,81,100,0.0,smoke
223,Wattegama,LK,6.7989,81.4808,69.66,76,75,6.15,broken clouds
224,Ostrovnoy,RU,68.0531,39.5131,33.94,97,100,17.25,light snow
225,Nuuk,GL,64.1835,-51.7216,14.88,85,100,15.01,overcast clouds
226,Ribeira Grande,PT,38.5167,-28.7,61.2,67,20,4.61,few clouds
227,Guerrero Negro,MX,27.9769,-114.0611,55.04,62,84,1.92,broken clouds
228,Angoram,PG,-4.0625,144.0661,74.26,98,100,2.35,overcast clouds
229,Shingu,JP,33.7333,135.9833,39.79,77,5,6.98,clear sky
230,East London,ZA,-33.0153,27.9116,74.34,100,100,10.36,mist
231,Sobolevo,RU,54.4299,31.8996,35.06,99,100,8.25,light snow
232,Rongcheng,CN,30.634,117.8517,42.96,50,0,1.05,clear sky
233,Kenai,US,60.5544,-151.2583,27.09,92,0,5.75,clear sky
234,Baoshan,CN,46.5586,131.4244,-8.21,99,93,4.16,overcast clouds
235,Planeta Rica,CO,8.4147,-75.5883,80.71,75,97,5.3,overcast clouds
236,Lyubymivka,UA,46.8106,33.5686,53.4,60,0,16.2,clear sky
237,Sao Bento Do Sul,BR,-26.2503,-49.3786,69.24,98,92,3.24,overcast clouds
238,Narsaq,GL,60.9167,-46.05,26.47,92,100,5.99,light snow
239,Shahr-E Babak,IR,30.1165,55.1186,39.47,62,2,2.66,clear sky
240,Churapcha,RU,62.0025,132.4325,-63.4,100,74,2.33,broken clouds
241,Saint-Pierre,RE,-21.3393,55.4781,78.48,89,75,12.66,moderate rain
242,Tiznit,MA,29.5833,-9.5,66.47,28,0,5.19,clear sky
243,Ahuimanu,US,21.4447,-157.8378,70.79,90,30,2.21,scattered clouds
244,Polovinnoye,RU,54.7914,65.9864,12.97,81,99,8.9,overcast clouds
245,Abha,SA,18.2164,42.5053,64.22,63,40,11.5,scattered clouds
246,Sebina,BW,-20.8667,27.25,80.04,47,97,4.97,overcast clouds
247,Suntar,RU,62.1444,117.6319,-41.89,96,100,3.69,overcast clouds
248,Cap Malheureux,MU,-19.9842,57.6142,80.47,79,100,3.0,moderate rain
249,Hobara,JP,37.8167,140.55,38.57,80,17,3.91,few clouds
250,Tateyama,JP,34.9833,139.8667,44.1,88,100,12.21,overcast clouds
251,General Roca,AR,-39.0333,-67.5833,92.26,31,0,17.87,clear sky
252,La Paz,BO,-16.5,-68.15,49.98,76,75,8.05,broken clouds
253,Alofi,NU,-19.0595,-169.9187,76.89,94,82,5.75,broken clouds
254,Torbay,CA,47.6666,-52.7314,37.58,94,100,17.27,overcast clouds
255,Coos Bay,US,43.3665,-124.2179,38.93,99,0,9.22,clear sky
256,Loukhi,RU,66.0764,33.0381,31.24,99,100,4.43,snow
257,Chokurdakh,RU,70.6333,147.9167,-35.14,100,61,4.74,broken clouds
258,Irbil,IQ,36.1926,44.0106,51.62,50,0,3.44,clear sky
259,Yerbogachen,RU,61.2767,108.0108,-54.22,100,62,4.21,broken clouds
260,Saint-Philippe,RE,-21.3585,55.7679,78.39,85,100,8.16,moderate rain
261,Teluknaga,ID,-6.0989,106.6381,80.19,88,20,5.75,few clouds
262,Kitakata,JP,37.65,139.8667,30.61,92,36,1.88,scattered clouds
263,Arlit,NE,18.7369,7.3853,80.49,5,59,4.74,broken clouds
264,San Lorenzo,PY,-25.3333,-57.5333,90.54,52,20,4.61,few clouds
265,Chara,RU,56.9064,118.2631,-44.93,83,80,0.07,broken clouds
266,Mehamn,NO,71.0357,27.8492,30.11,80,20,8.05,few clouds
267,Cidreira,BR,-30.1811,-50.2056,77.23,80,85,13.22,overcast clouds
268,Ucluelet,CA,48.9329,-125.5528,34.09,93,100,4.76,overcast clouds
269,Taltal,CL,-25.4,-70.4833,69.78,72,2,6.02,clear sky
270,Kijang,KR,35.2442,129.2139,31.73,48,69,5.75,broken clouds
271,Port Blair,IN,11.6667,92.75,80.64,69,75,9.22,haze
272,Sao Joao Da Barra,BR,-21.6403,-41.0511,84.29,78,87,10.2,overcast clouds
273,Fushun,CN,41.8558,123.9233,19.11,81,100,10.56,overcast clouds
274,Coihaique,CL,-45.5752,-72.0662,72.21,49,0,3.44,clear sky
275,Coahuayana,MX,18.7333,-103.6833,71.83,60,75,0.72,broken clouds
276,Nikolskoye,RU,59.7035,30.7861,35.49,80,100,14.38,overcast clouds
277,Bayji,IQ,34.9311,43.487,58.3,47,0,6.71,clear sky
278,Port Hardy,CA,50.6996,-127.4199,32.18,100,20,3.44,few clouds
279,Raahe,FI,64.6833,24.4833,30.29,88,100,9.73,overcast clouds
280,Esna,EG,25.2934,32.554,77.02,28,0,8.43,clear sky
281,Rosario,AR,-32.9468,-60.6393,97.95,38,0,9.22,clear sky
282,Cananeia,BR,-25.0147,-47.9267,82.27,67,62,6.85,broken clouds
283,Pinerolo,IT,44.8833,7.35,43.36,43,1,1.3,clear sky
284,Novikovo,RU,51.1537,37.8879,36.36,86,98,16.28,overcast clouds
285,Thompson,CA,55.7435,-97.8558,-5.64,84,0,2.3,clear sky
286,Ravar,IR,31.2656,56.8055,42.8,63,37,5.1,scattered clouds
287,Namatanai,PG,-3.6667,152.4333,79.2,81,99,4.88,light rain
288,Vila Franca Do Campo,PT,37.7167,-25.4333,57.61,66,10,3.96,clear sky
289,Kununurra,AU,-15.7667,128.7333,78.78,89,100,4.61,light rain
290,Mandalgovi,MN,45.7625,106.2708,-3.14,74,10,12.46,clear sky
291,Sovetskiy,RU,61.3614,63.5842,18.68,96,99,4.16,overcast clouds
292,Puerto Del Rosario,ES,28.5004,-13.8627,65.95,72,75,26.46,broken clouds
293,Leningradskiy,RU,69.3833,178.4167,-21.8,95,100,12.01,overcast clouds
294,Bathsheba,BB,13.2167,-59.5167,83.01,61,40,24.16,scattered clouds
295,Namibe,AO,-15.1961,12.1522,78.03,66,100,13.27,overcast clouds
296,Sosnogorsk,RU,63.6023,53.8817,19.08,91,100,9.19,overcast clouds
297,Svetlyy,RU,54.675,20.1347,32.05,89,98,5.08,overcast clouds
298,Faanui,PF,-16.4833,-151.75,80.6,74,3,16.71,light rain
299,Katsuura,JP,35.1333,140.3,46.27,90,100,14.16,overcast clouds
300,Jashpurnagar,IN,22.9,84.15,56.39,37,0,5.77,clear sky
301,Mackenzie,CA,55.2999,-123.1698,23.22,86,0,8.05,clear sky
302,Sosua,DO,19.7667,-70.5167,79.23,78,20,6.91,few clouds
303,Christchurch,NZ,-43.5333,172.6333,64.9,87,100,12.66,overcast clouds
304,Nalut,LY,30.3333,10.85,53.08,26,55,22.17,broken clouds
305,Estevan,CA,49.1334,-102.9842,25.14,93,100,5.75,mist
306,Omboue,GA,-1.5746,9.2618,80.78,79,100,8.1,light rain
307,Drawsko Pomorskie,PL,53.5306,15.8097,33.89,94,12,1.99,few clouds
308,Chernyshevskiy,RU,63.0128,112.4714,-59.96,100,68,2.46,broken clouds
309,Monte Santo De Minas,BR,-21.1897,-46.9803,80.24,61,99,2.35,overcast clouds
310,Tual,ID,-5.6667,132.75,83.44,78,100,18.1,heavy intensity rain
311,Nelson,NZ,-41.2833,173.2833,60.3,81,17,1.99,few clouds
312,Sarmanovo,RU,55.2553,52.5891,20.08,80,57,6.89,broken clouds
313,Victoria Point,AU,-27.5833,153.3,75.16,85,80,1.99,moderate rain
314,Champerico,GT,14.3,-91.9167,75.74,69,0,3.67,clear sky
315,Wexford,IE,52.3342,-6.4575,42.22,78,31,7.0,scattered clouds
316,Kahului,US,20.8947,-156.47,70.84,86,3,3.0,clear sky
317,Bonavista,CA,48.6499,-53.1147,33.28,98,100,16.46,light snow
318,Zyryanka,RU,65.75,150.85,-21.3,95,100,10.36,overcast clouds
319,Mantua,IT,45.1667,10.7833,38.08,96,100,5.99,overcast clouds
320,Nanortalik,GL,60.1432,-45.2371,28.35,93,100,5.93,snow
321,Mount Darwin,ZW,-16.7725,31.5838,75.36,79,74,3.58,moderate rain
322,Kavaratti,IN,10.5669,72.642,80.46,71,24,4.36,few clouds
323,Khani,GE,41.9563,42.9566,49.57,62,2,5.12,clear sky
324,Vardo,NO,70.3705,31.1107,31.98,69,0,10.36,clear sky
325,Nova Prata,BR,-28.7839,-51.61,86.29,43,48,2.35,scattered clouds
326,Zalantun,CN,48.0,122.7167,-9.51,93,100,2.73,overcast clouds
327,Ypsonas,CY,34.6884,32.9574,65.25,63,20,5.75,few clouds
328,Skjervoy,NO,70.0311,20.9714,30.2,66,15,13.09,few clouds
329,Norman Wells,CA,65.282,-126.8329,-18.36,76,75,2.3,broken clouds
330,Swan River,CA,52.1058,-101.2676,3.09,85,30,3.44,scattered clouds
331,Eyl,SO,7.9803,49.8164,77.47,63,20,25.93,few clouds
332,Kiruna,SE,67.8557,20.2251,22.12,86,40,9.22,scattered clouds
333,Gualeguay,AR,-33.1416,-59.3097,97.2,30,53,9.4,broken clouds
334,Araouane,ML,18.9048,-3.5265,82.18,10,50,6.31,scattered clouds
335,Maubin,MM,16.7333,95.65,70.68,61,100,6.6,overcast clouds
336,Chipoka,MW,-13.9933,34.5157,75.94,85,99,3.31,moderate rain
337,Anaco,VE,9.4389,-64.4728,86.59,39,5,10.69,clear sky
338,Tiksi,RU,71.6872,128.8694,-29.99,100,92,1.92,overcast clouds
339,Flin Flon,CA,54.7682,-101.865,-4.16,77,100,2.3,light snow
340,Ponta Delgada,PT,37.7333,-25.6667,57.92,67,20,5.75,few clouds
341,Along,IN,28.1667,94.7667,50.14,62,0,2.39,clear sky
342,Gizo,SB,-8.103,156.8419,81.12,83,100,14.74,light rain
343,Kiama,AU,-34.6833,150.8667,66.99,88,92,1.01,overcast clouds
344,Putina,PE,-15.4667,-69.4333,45.52,72,90,7.7,overcast clouds
345,Gimli,CA,50.6336,-96.9907,12.22,85,100,5.75,overcast clouds
346,Esperance,AU,-33.8667,121.9,61.88,74,0,16.64,clear sky
347,Souillac,MU,-20.5167,57.5167,77.38,94,75,12.66,thunderstorm with rain
348,Villa Maria,AR,-32.4075,-63.2402,96.03,28,0,8.99,clear sky
349,Rodrigues Alves,BR,-7.738,-72.6509,73.6,99,100,0.87,overcast clouds
350,Kokoda,PG,-8.8785,147.7407,74.5,89,100,3.8,overcast clouds
351,Porto Novo,BJ,6.4965,2.6036,87.62,54,22,13.24,few clouds
352,San Cristobal,VE,7.7669,-72.225,66.38,43,99,4.88,overcast clouds
353,Paciran,ID,-6.8767,112.3761,76.26,90,100,11.81,overcast clouds
354,Seoul,KR,37.5683,126.9778,38.64,83,100,12.66,snow
355,San Carlos De Bariloche,AR,-41.1456,-71.3082,80.35,36,40,4.61,scattered clouds
356,Labuhan,ID,-6.8844,112.2051,76.06,90,100,10.92,overcast clouds
357,Koslan,RU,63.4564,48.8989,24.93,90,100,12.03,overcast clouds
358,Stykkisholmur,IS,65.0757,-22.7297,19.2,85,100,9.6,overcast clouds
359,Darhan,MN,49.4867,105.9228,-17.05,93,24,6.96,few clouds
360,Hammerfest,NO,70.6634,23.6821,32.45,69,20,12.66,few clouds
361,Kropotkin,RU,45.4375,40.5756,44.44,58,5,8.52,clear sky
362,Yar-Sale,RU,66.8333,70.8333,-5.51,100,77,4.34,broken clouds
363,Pisco,PE,-13.7,-76.2167,74.01,73,0,4.61,clear sky
364,Inhambane,MZ,-23.865,35.3833,91.38,55,20,13.8,few clouds
365,Kawalu,ID,-7.3817,108.2082,72.27,98,100,1.3,overcast clouds
366,Doume,CM,4.2333,13.45,97.05,13,12,4.16,few clouds
367,Bairiki,KI,1.3292,172.9752,78.8,89,100,10.36,light rain
368,Chokwe,MZ,-24.5333,32.9833,100.8,25,17,13.02,few clouds
369,College,US,64.8569,-147.8028,-9.9,84,95,2.15,overcast clouds
370,Fairhope,US,30.523,-87.9033,66.13,95,100,8.99,overcast clouds
371,Varberg,SE,57.1056,12.2508,34.05,94,100,12.59,snow
372,Acaponeta,MX,22.4964,-105.3594,65.26,50,91,1.5,overcast clouds
373,Pravdinsk,RU,54.4429,21.0179,30.36,97,100,3.85,overcast clouds
374,Misratah,LY,32.3754,15.0925,60.98,43,1,29.1,clear sky
375,Kaihua,CN,23.3687,104.28,43.81,91,67,5.03,broken clouds
376,Pogar,RU,52.554,33.2591,43.7,94,100,13.4,overcast clouds
377,Hamilton,US,39.1834,-84.5333,54.93,83,72,5.99,broken clouds
378,Chumikan,RU,54.7183,135.315,-32.78,87,71,4.38,broken clouds
379,Road Town,VG,18.4167,-64.6167,80.64,78,40,8.05,scattered clouds
380,Srednekolymsk,RU,67.45,153.6833,-32.33,99,100,7.78,overcast clouds
381,Karratha,AU,-20.7377,116.8463,81.21,74,100,2.04,overcast clouds
382,Assiniboia,CA,49.6334,-105.9845,6.62,85,79,1.14,broken clouds
383,Arinos,BR,-15.9169,-46.1056,85.46,58,14,2.04,few clouds
384,Kaeo,NZ,-35.1,173.7833,58.89,93,18,3.78,few clouds
385,Nishihara,JP,26.1842,127.7558,60.08,63,75,8.05,broken clouds
386,Tete,MZ,-16.1564,33.5867,91.49,55,75,0.0,moderate rain
387,Zhanakorgan,KZ,43.9098,67.2495,24.67,59,4,4.68,clear sky
388,Heihe,CN,50.2441,127.4902,-19.61,91,67,8.59,broken clouds
389,Zhob,PK,31.3411,69.4481,41.47,81,100,2.28,overcast clouds
390,Talnakh,RU,69.4865,88.3972,-31.65,81,3,1.99,clear sky
391,Van Buren,US,35.4368,-94.3483,38.32,57,4,10.0,clear sky
392,Rock Sound,BS,24.9,-76.2,75.36,62,11,16.28,few clouds
393,Samoylovka,RU,51.184,43.7081,23.79,86,80,13.49,broken clouds
394,Ostrovskoye,RU,57.8057,42.2433,29.25,95,100,11.99,overcast clouds
395,Nkowakowa,ZA,-23.8878,30.2871,88.39,38,100,5.66,overcast clouds
396,Cedar Rapids,US,42.0083,-91.6441,33.91,96,100,8.05,light snow
397,Waris Aliganj,IN,25.0167,85.6333,54.84,38,0,2.8,clear sky
398,Sesvete,HR,45.8311,16.1164,36.81,92,40,5.75,scattered clouds
399,Nagaur,IN,27.2,73.7333,63.61,20,98,10.18,overcast clouds
400,Griffith,US,41.5284,-87.4237,41.09,94,100,11.5,mist
401,Tecoanapa,MX,16.5167,-98.75,76.24,72,68,3.58,broken clouds
402,Itumba,TZ,-9.4,33.1833,68.47,85,96,0.74,light rain
403,Paamiut,GL,61.994,-49.6678,22.57,90,100,23.82,light snow
404,Cayenne,GF,4.9333,-52.3333,82.44,65,60,3.44,light rain
405,Ziway,ET,7.9333,38.7167,74.14,26,100,20.62,overcast clouds
406,Honiara,SB,-9.4333,159.95,77.59,88,100,3.04,overcast clouds
407,Qasigiannguit,GL,68.8193,-51.1922,-32.37,66,0,4.0,clear sky
408,Gaoual,GN,11.75,-13.2,101.89,8,9,5.41,clear sky
409,Abu Dhabi,AE,24.4667,54.3667,69.91,58,0,11.5,clear sky
410,Bjornevatn,NO,69.6672,29.9847,23.34,93,0,9.22,clear sky
411,Todi,IT,42.7799,12.4046,46.22,64,43,14.36,scattered clouds
412,Nioaque,BR,-21.1353,-55.83,95.04,38,54,2.95,broken clouds
413,Pochutla,MX,15.7432,-96.4661,77.83,65,95,2.37,overcast clouds
414,Ancud,CL,-41.8697,-73.8203,65.61,62,96,4.97,overcast clouds
415,Kemijarvi,FI,66.7131,27.4306,26.96,93,100,5.73,overcast clouds
416,Port-Gentil,GA,-0.7193,8.7815,76.96,94,40,3.44,thunderstorm
417,Chesma,RU,53.8111,60.6533,3.49,72,2,5.17,clear sky
418,Pasni,PK,25.2631,63.471,64.67,60,100,23.96,overcast clouds
419,Gympie,AU,-26.1898,152.665,67.35,92,36,2.82,light rain
420,Saldanha,ZA,-33.0117,17.9442,80.65,75,33,13.0,scattered clouds
421,Horqueta,PY,-23.3428,-57.0597,98.01,32,0,4.45,clear sky
422,Saint Anthony,US,45.0205,-93.218,30.65,93,100,8.05,light snow
423,Trairi,BR,-3.2778,-39.2689,86.94,55,41,10.94,scattered clouds
424,Bossangoa,CF,6.4926,17.4552,97.45,11,11,5.95,few clouds
425,Baykit,RU,61.67,96.37,-38.38,98,100,4.27,overcast clouds
426,Itarema,BR,-2.9248,-39.9167,86.4,57,91,10.56,overcast clouds
427,San Pedro De Ycuamandiyu,PY,-24.0917,-57.0764,99.41,30,0,4.07,clear sky
428,Ugoofaaru,MV,5.6667,73.0,80.24,68,0,19.08,clear sky
429,Kruisfontein,ZA,-34.0033,24.7314,76.89,65,50,16.91,scattered clouds
430,Marovoay,MG,-16.1,46.6333,72.59,95,100,9.4,moderate rain
431,Ambon,ID,-3.6954,128.1814,78.24,15,40,3.44,scattered clouds
432,Aykhal,RU,66.0,111.5,-37.14,98,65,7.72,broken clouds
433,Kattivakkam,IN,13.2167,80.3167,77.09,64,51,10.4,broken clouds
434,Tomatlan,MX,19.9333,-105.25,66.72,57,96,2.82,overcast clouds
435,Sohag,EG,26.557,31.6948,68.85,18,0,4.0,clear sky
436,Belaya Gora,RU,68.5333,146.4167,-41.71,100,97,2.98,overcast clouds
437,Hikari,JP,33.955,131.95,39.36,77,36,7.4,scattered clouds
438,Jutai,BR,-5.1833,-68.9,77.25,91,100,3.09,light rain
439,Yinchuan,CN,38.4681,106.2731,17.82,43,0,5.44,clear sky
440,Warragul,AU,-38.1667,145.9333,50.95,95,0,2.15,clear sky
441,Zakharovo,RU,54.366,39.2792,32.54,92,100,17.2,overcast clouds
442,Havoysund,NO,70.9963,24.6622,34.03,77,7,18.39,clear sky
443,Ternate,ID,0.8,127.4,81.03,80,100,6.42,overcast clouds
444,Bouca,CF,6.5105,18.2733,97.61,11,8,5.75,clear sky
445,Aitape,PG,-3.1374,142.3475,78.71,86,100,8.41,light rain
446,Taraz,KZ,42.9,71.3667,-5.39,84,6,2.24,mist
447,Mitsamiouli,KM,-11.3847,43.2844,81.68,74,100,8.05,overcast clouds
448,Barcelos,PT,41.5388,-8.6151,53.74,91,100,17.05,light rain
449,Fuente De Oro,CO,3.4594,-73.6128,84.96,44,98,10.13,overcast clouds
450,Peremyshlyany,UA,49.6652,24.5585,41.74,90,100,5.06,overcast clouds
451,Yulara,AU,-25.2406,130.9889,81.72,30,60,17.98,broken clouds
452,Beloha,MG,-25.1667,45.05,79.68,62,55,18.84,broken clouds
453,Rovato,IT,45.5658,10.0001,40.86,10,100,4.99,light rain
454,Praia Da Vitoria,PT,38.7333,-27.0667,61.75,75,80,6.42,broken clouds
455,Nhulunbuy,AU,-12.2333,136.7667,79.41,89,98,6.91,overcast clouds
456,Kilindoni,TZ,-7.9139,39.6668,82.2,74,100,10.83,overcast clouds
457,Lompoc,US,34.6391,-120.4579,47.59,94,24,1.01,few clouds
458,Haines Junction,CA,60.7522,-137.5108,7.11,99,74,2.08,broken clouds
459,Columbus,US,39.9612,-82.9988,54.05,97,100,9.22,overcast clouds
460,Puerto Colombia,CO,10.9878,-74.9547,81.77,68,37,7.99,scattered clouds
461,Fowa,NG,8.9167,6.4,101.79,10,10,0.96,clear sky
462,Russell,US,32.3502,-85.1999,67.28,88,100,5.75,light rain
463,La Primavera,CO,5.4906,-70.4092,87.76,43,59,13.78,broken clouds
464,Tautira,PF,-17.7333,-149.15,80.82,74,6,17.43,clear sky
465,Petropavlovsk-Kamchatskiy,RU,53.0452,158.6483,7.38,88,100,16.13,overcast clouds
466,Riohacha,CO,11.5444,-72.9072,83.57,62,51,16.69,broken clouds
467,Del Rio,US,29.3627,-100.8968,52.12,35,6,1.99,clear sky
468,Half Moon Bay,US,37.4636,-122.4286,46.83,90,68,0.0,broken clouds
469,Kalmar,SE,56.6616,16.3616,37.33,84,75,12.66,broken clouds
470,Margherita,IN,27.2833,95.6833,57.56,65,64,3.36,broken clouds
471,Sussex,US,41.1834,-74.6663,39.15,86,100,0.0,moderate rain
472,Emerald,AU,-23.5333,148.1667,74.34,73,7,8.99,clear sky
473,Mount Gambier,AU,-37.8333,140.7667,56.16,65,88,8.41,overcast clouds
474,Mercedes,AR,-34.6515,-59.4307,90.95,30,14,9.48,few clouds
475,Kaitong,CN,44.8135,123.15,5.58,43,88,16.22,overcast clouds
476,Edgewater,US,28.9889,-80.9023,73.09,73,9,8.75,clear sky
477,Thung Song,TH,8.1645,99.6804,73.4,89,48,4.05,scattered clouds
478,Rio Brilhante,BR,-21.8019,-54.5464,91.35,45,48,3.65,scattered clouds
479,Tonantins,BR,-2.8731,-67.8022,78.15,84,100,2.13,overcast clouds
480,Cabo San Lucas,MX,22.8909,-109.9124,64.51,79,77,3.33,broken clouds
481,Puerto Leguizamo,CO,-0.1934,-74.7819,84.33,55,100,4.83,overcast clouds
482,Challapata,BO,-18.9,-66.7667,55.65,41,100,9.55,overcast clouds
483,Lodja,CD,-3.4833,23.4333,86.2,54,100,3.47,overcast clouds
484,Ilhabela,BR,-23.7781,-45.3581,79.61,80,44,7.18,scattered clouds
485,Nouadhibou,MR,20.931,-17.0347,66.96,69,0,12.39,clear sky
486,Mumbwa,ZM,-14.9783,27.0619,73.87,84,97,3.69,light rain
487,Humaita,BR,-7.5061,-63.0208,75.45,93,100,3.98,overcast clouds
488,Laguna,US,38.421,-121.4238,45.01,96,100,8.05,mist
489,Maningrida,AU,-12.0667,134.2667,75.0,93,96,8.08,overcast clouds
490,Santa Cruz,BO,-17.8,-63.1667,84.85,58,58,8.75,broken clouds
491,Matagami,CA,49.7502,-77.6328,8.71,92,100,6.91,light snow
492,Kupang,ID,-10.1667,123.5833,79.02,83,100,4.43,light rain
493,Manzhouli,CN,49.6,117.4333,-29.25,98,21,5.23,few clouds
494,Osmena,PH,10.5208,119.9258,79.83,85,77,25.84,broken clouds
495,Balabac,PH,7.9868,117.0645,80.96,80,96,14.12,overcast clouds
496,Kwinana,AU,-32.25,115.7667,82.54,59,93,6.73,overcast clouds
497,Noumea,NC,-22.2763,166.4572,69.78,78,13,7.72,few clouds
498,De-Kastri,RU,51.4667,140.7833,-15.81,99,100,3.96,overcast clouds
499,Abu Samrah,SY,35.3029,37.1841,55.24,62,0,7.02,clear sky
500,Kasongo,CD,-4.45,26.6667,80.85,76,99,1.54,overcast clouds
501,Dwarka,IN,22.2394,68.9678,69.69,54,75,12.21,broken clouds
502,Megion,RU,61.0296,76.1136,14.02,99,75,5.97,broken clouds
503,Were Ilu,ET,10.6,39.4333,58.06,38,97,9.57,overcast clouds
504,Adeje,ES,28.1227,-16.726,67.32,57,75,25.32,broken clouds
505,Lere,NG,10.387,8.5726,90.63,13,72,5.41,broken clouds
506,Makakilo City,US,21.3469,-158.0858,70.12,87,0,4.61,clear sky
507,Aksarka,RU,66.5606,67.7975,-7.51,100,14,1.43,few clouds
508,Glasgow,GB,55.8652,-4.2576,42.51,78,75,11.5,broken clouds
509,Kiunga,PG,-6.1219,141.2906,73.18,99,100,2.91,heavy intensity rain
510,Zverinogolovskoye,RU,54.4586,64.8542,5.36,84,96,5.99,overcast clouds
511,Nome,US,64.5011,-165.4064,-16.53,69,0,0.0,clear sky
512,Muhos,FI,64.808,25.9931,29.98,91,100,7.07,overcast clouds
513,Aripuana,BR,-9.1667,-60.6333,80.01,78,100,3.31,overcast clouds
514,Atbasar,KZ,51.8,68.3333,-1.89,78,22,5.06,few clouds
515,Shimanovsk,RU,52.0,127.7,-26.61,87,91,8.3,overcast clouds
516,Tarnow,PL,50.0138,20.987,33.73,100,100,6.53,snow
517,Fare,PF,-16.7,-151.0167,80.6,75,1,18.19,light rain
518,Kautokeino,NO,69.0125,23.0412,24.01,93,99,13.6,overcast clouds
519,Lakatoro,VU,-16.0999,167.4164,77.45,92,100,14.5,light rain
520,Kuhdasht,IR,33.535,47.6061,46.53,42,0,3.83,clear sky
521,Ketchikan,US,55.3422,-131.6461,39.67,93,100,17.27,light rain
522,Dong Hoi,VN,17.4833,106.6,62.89,88,100,7.52,overcast clouds
523,Havre-Saint-Pierre,CA,50.2334,-63.5986,30.56,80,100,18.41,light snow
524,Biltine,TD,14.5333,20.9167,90.14,10,6,6.29,clear sky
525,Pochinki,RU,54.6988,44.8668,26.08,82,100,14.54,light snow
526,Coruripe,BR,-10.1256,-36.1756,83.88,59,98,12.62,overcast clouds
527,Zhoucheng,CN,35.9122,116.3117,33.78,27,0,16.31,clear sky
528,Hambantota,LK,6.1241,81.1185,77.34,73,20,12.66,few clouds
529,Vao,NC,-22.6667,167.4833,75.36,70,5,12.88,clear sky
530,Kizema,RU,61.113,44.8302,29.19,90,100,12.75,overcast clouds
531,Kirakira,SB,-10.4544,161.9205,79.57,86,100,7.74,moderate rain
532,Talcahuano,CL,-36.7167,-73.1167,58.68,82,75,12.66,broken clouds
533,Cozumel,MX,20.5083,-86.9458,83.07,78,40,14.0,light rain
534,Blagoveshchensk,RU,50.2667,127.5333,-20.94,91,67,8.63,broken clouds
535,Sangar,RU,63.9242,127.4739,-47.09,97,92,3.44,overcast clouds
536,Medenychi,UA,49.4305,23.7507,40.86,93,100,5.46,light rain
537,Opuwo,NA,-18.0607,13.84,78.48,56,100,1.41,light rain
538,Tabou,CI,4.423,-7.3528,84.04,68,55,11.79,broken clouds
539,Ibimirim,BR,-8.5406,-37.6903,90.93,34,93,9.24,overcast clouds
540,Komsomolskiy,UZ,40.4272,71.7189,27.32,63,1,2.3,haze
541,Oudtshoorn,ZA,-33.5907,22.2014,68.36,65,75,12.55,broken clouds
542,Slave Lake,CA,55.2834,-114.769,25.39,74,98,7.99,overcast clouds
543,Thap Than,TH,15.4606,99.8917,75.7,45,95,3.49,overcast clouds
544,Khandbari,NP,27.3747,87.2039,48.15,74,11,2.21,few clouds
545,Morondava,MG,-20.2833,44.2833,84.81,65,90,13.15,light rain
546,Marquette,US,46.5333,-87.6335,26.67,94,100,14.23,snow
547,Talara,PE,-4.5772,-81.2719,84.96,45,0,17.27,clear sky
548,Evensk,RU,61.95,159.2333,-20.67,77,89,11.39,overcast clouds
549,Belgaum,IN,15.8667,74.5,73.31,35,3,2.3,clear sky
550,Dakar,SN,14.6937,-17.4441,94.08,64,24,21.47,few clouds
551,Yatou,CN,37.15,122.3833,32.95,55,1,14.07,clear sky
552,Saravan,AM,39.7196,45.6483,27.97,65,1,6.22,clear sky
553,Kos,GR,36.8933,27.2889,62.04,68,100,22.97,overcast clouds
554,Sambava,MG,-14.2667,50.1667,77.76,82,100,19.26,overcast clouds
555,Alta Floresta,BR,-9.8756,-56.0861,82.8,63,46,1.45,scattered clouds
556,Hovd,MN,48.0056,91.6419,3.7,77,98,1.83,overcast clouds
557,Nurota,UZ,40.5614,65.6886,22.55,82,78,4.36,broken clouds
558,Finschhafen,PG,-6.6024,147.8681,80.53,85,100,9.89,light rain
559,Barra Do Garcas,BR,-15.89,-52.2567,87.55,54,47,2.62,scattered clouds
560,Peleduy,RU,59.6289,112.7406,-47.06,100,56,3.36,broken clouds
561,Atlantic City,US,39.3643,-74.4229,43.0,86,100,3.0,moderate rain
562,Talmenka,RU,53.8183,83.5677,9.99,95,100,8.9,light snow
563,Roma,US,43.2128,-75.4557,34.95,95,100,1.01,light snow
564,Lubartow,PL,51.4603,22.6095,34.23,100,100,8.19,light snow
565,Antofagasta,CL,-23.65,-70.4,72.68,64,31,8.66,scattered clouds
566,Sorland,NO,67.667,12.6934,39.06,70,75,21.85,broken clouds
567,Raga,SS,8.4596,25.678,92.16,15,42,5.41,scattered clouds
568,Mogadishu,SO,2.0371,45.3438,78.82,73,88,23.42,overcast clouds
569,Sheltozero,RU,61.3667,35.3667,34.77,90,100,23.02,light snow
570,El Alto,PE,-4.2714,-81.2147,82.06,58,55,8.01,broken clouds
571,Oga,IT,46.4631,10.347,22.96,89,100,7.0,light snow
572,Fairbanks,US,64.8378,-147.7164,-7.64,80,75,0.0,broken clouds
573,Rio Gallegos,AR,-51.6226,-69.2181,73.53,41,5,10.58,clear sky
574,Mtambile,TZ,-5.3833,39.7,81.63,73,69,16.26,broken clouds
575,Kindu,CD,-2.95,25.95,87.8,54,63,2.51,broken clouds
576,Corner Brook,CA,48.9667,-57.9484,35.01,99,100,3.6,light snow
577,Pangai,TO,-19.8,-174.35,83.01,76,100,11.07,overcast clouds
578,Saveh,IR,35.0213,50.3566,44.78,49,0,4.81,clear sky
579,Uspenka,UA,48.3903,39.1619,35.56,87,44,11.23,scattered clouds
580,Ariquemes,BR,-9.9133,-63.0408,80.04,76,100,3.13,overcast clouds
581,Banswara,IN,23.55,74.45,66.99,35,91,7.78,overcast clouds
582,Yagoua,CM,10.3411,15.2329,94.41,12,99,5.79,overcast clouds
583,Lorengau,PG,-2.0226,147.2712,80.56,82,100,11.34,overcast clouds
584,Rorvik,NO,64.8621,11.2373,37.51,87,40,17.27,scattered clouds
585,Malindi,KE,-3.2175,40.1191,80.65,75,71,16.73,broken clouds
586,Brae,GB,60.3964,-1.353,40.3,62,52,19.98,broken clouds
587,Nabire,ID,-3.3667,135.4833,77.29,87,100,2.42,overcast clouds
588,Olinda,BR,-8.0089,-34.8553,82.13,69,40,9.22,light rain
589,Micheweni,TZ,-4.9667,39.8333,81.99,75,26,15.46,scattered clouds
590,Havelock,US,34.8791,-76.9013,60.8,95,75,4.61,broken clouds
591,Praia,CV,14.9215,-23.5087,79.34,50,20,24.16,few clouds
592,Morant Bay,JM,17.8815,-76.4093,83.71,64,47,10.6,scattered clouds
593,Phuthaditjhaba,ZA,-28.5242,28.8158,82.63,30,77,4.83,broken clouds
594,Sabha,LY,27.0377,14.4283,72.55,9,0,12.24,clear sky
595,Muisne,EC,0.6,-80.0333,78.3,73,100,4.65,overcast clouds
596,Kailua,US,21.4022,-157.7394,71.58,93,38,2.93,scattered clouds
597,Orlik,RU,52.5178,99.825,-7.11,98,100,3.76,overcast clouds
598,Oranjestad,AW,12.524,-70.027,78.91,89,4,1.99,clear sky
599,Vanavara,RU,60.34,102.2797,-43.8,99,91,4.79,overcast clouds
600,Oskarshamn,SE,57.2645,16.4484,32.99,78,16,8.7,few clouds
601,Saint-Louis,SN,16.3333,-15.0,89.33,12,70,13.09,broken clouds
602,Bonthe,SL,7.5264,-12.505,89.06,49,49,14.0,scattered clouds
603,Tevriz,RU,57.509,72.4042,8.69,97,100,4.34,overcast clouds
604,Djambala,CG,-2.5447,14.7533,73.18,77,100,5.35,light rain
605,Kovvur,IN,17.0167,81.7333,77.25,73,20,3.44,mist
606,Talcher,IN,20.95,85.2167,69.1,65,2,7.14,clear sky
607,Hun,LY,29.1268,15.9477,75.07,9,5,16.02,clear sky
608,Casablanca,MA,33.5928,-7.6192,61.02,55,3,5.99,clear sky
609,Manyana,BW,-23.4,21.7167,81.81,43,86,7.05,overcast clouds
610,Buckeye,US,33.3703,-112.5838,43.83,84,60,2.86,broken clouds
611,Naron,ES,43.5167,-8.1528,56.05,95,100,24.18,overcast clouds
612,Chimbote,PE,-9.0853,-78.5783,73.31,67,85,6.44,overcast clouds
613,Ban Chang,TH,12.7254,101.0553,83.48,72,40,4.61,scattered clouds
614,Kajaani,FI,64.2273,27.7285,30.25,100,100,10.36,light snow
615,Magnor,SE,59.9511,12.1996,31.73,98,99,3.83,light snow
616,Shetpe,KZ,44.1667,52.1167,29.05,62,0,6.24,clear sky
617,Yuncheng,CN,35.0231,110.9928,28.24,50,1,3.91,clear sky
618,Pokaran,IN,26.9167,71.9167,53.85,48,85,21.74,overcast clouds
619,Ouadda,CF,8.0777,22.4007,94.62,12,68,6.78,broken clouds
620,Kristiinankaupunki,FI,62.2743,21.376,28.09,96,100,6.02,overcast clouds
621,Margate,GB,51.3813,1.3862,40.89,76,51,4.0,broken clouds
622,Bibiani,GH,6.4635,-2.3194,99.75,23,31,1.81,scattered clouds
623,Pauini,BR,-7.7136,-66.9764,75.99,89,100,3.47,overcast clouds
624,Kultuk,RU,51.7208,103.6956,-3.01,86,95,3.65,overcast clouds
625,Okha,RU,53.5739,142.9478,-30.39,94,79,10.85,broken clouds
626,Rapid City,US,44.0805,-103.231,28.11,87,0,11.01,clear sky
627,Pangkalanbuun,ID,-2.6833,111.6167,74.28,97,100,2.46,moderate rain
628,Ossora,RU,59.2353,163.0719,-12.8,80,91,6.8,overcast clouds
629,Evanston,US,42.0411,-87.6901,40.08,94,100,8.05,overcast clouds
630,Port Macquarie,AU,-31.4333,152.9167,64.89,86,100,10.98,overcast clouds
631,Kalisz,PL,51.7611,18.091,34.99,81,100,4.21,overcast clouds
632,Port Arthur,CN,38.8,121.2667,28.62,39,6,25.46,clear sky
633,Dovolnoye,RU,54.4958,79.6671,9.43,96,95,8.39,overcast clouds
634,Nizhneudinsk,RU,54.9076,99.0276,5.86,96,100,1.16,overcast clouds
635,Koutiala,ML,12.3917,-5.4642,92.52,7,31,7.43,scattered clouds
636,Naze,JP,28.3667,129.4833,54.97,63,4,8.99,clear sky
637,Pevek,RU,69.7008,170.3133,-21.59,96,100,17.52,overcast clouds
638,Makinsk,KZ,52.6292,70.4169,7.0,73,40,7.7,scattered clouds
639,Acarau,BR,-2.8856,-40.12,85.64,60,94,10.07,overcast clouds
640,Port Keats,AU,-14.25,129.55,81.43,82,100,7.74,overcast clouds
641,Pacific Grove,US,36.6177,-121.9166,45.09,89,0,1.99,clear sky
642,Hofn,IS,64.2539,-15.2082,24.82,63,75,8.05,broken clouds
643,Yermakovskoye,RU,53.2831,92.4003,15.48,91,100,18.9,light snow
644,Galeana,MX,24.8333,-100.0667,50.02,57,56,3.78,broken clouds
645,Karksi-Nuia,EE,58.1033,25.5628,33.78,91,100,6.06,overcast clouds
646,Durango,MX,24.8333,-104.8333,48.88,28,35,2.73,scattered clouds
647,Yenangyaung,MM,20.4667,94.8833,69.98,39,5,3.4,clear sky
648,Tres Arroyos,AR,-38.3739,-60.2798,90.21,28,1,7.47,clear sky
649,Atasu,KZ,48.6814,71.6433,1.13,71,1,7.38,clear sky
650,Kutum,SD,14.2,24.6667,80.98,11,55,6.35,broken clouds
651,Axim,GH,4.8699,-2.2405,84.02,69,89,10.69,overcast clouds
652,La Asuncion,VE,11.0333,-63.8628,79.38,73,5,16.26,clear sky
653,Sur,OM,22.5667,59.5289,70.84,65,10,23.29,clear sky
654,Goderich,CA,43.7501,-81.7165,35.91,89,100,28.21,light snow
655,Sibolga,ID,1.7427,98.7792,75.51,90,100,2.66,overcast clouds
656,Zwedru,LR,6.0667,-8.1281,97.66,24,4,2.64,clear sky
657,Isangel,VU,-19.55,169.2667,75.76,74,100,9.22,overcast clouds
658,Narasannapeta,IN,18.4167,84.05,71.64,85,6,3.94,clear sky
659,Batangafo,CF,7.3008,18.2833,98.67,11,8,5.03,clear sky
660,Floro,NO,61.5996,5.0328,33.96,80,0,6.91,clear sky
661,Ilebo,CD,-4.3167,20.5833,91.51,41,81,2.77,broken clouds
662,Kudahuvadhoo,MV,2.6708,72.8944,81.27,75,26,18.14,scattered clouds
663,Trezzano Sul Naviglio,IT,45.4231,9.0664,39.76,89,75,4.0,light rain
664,Kuloy,RU,61.0305,42.4925,31.71,91,100,14.47,overcast clouds
665,Sapernoye,RU,60.7167,29.9505,32.67,88,100,17.67,overcast clouds
666,Vega De Alatorre,MX,20.0333,-96.6333,75.45,64,38,11.43,scattered clouds
667,Lamar,US,33.6668,-95.5836,46.36,50,0,18.41,clear sky
668,Banapur,IN,19.7833,85.1833,73.47,81,52,7.09,broken clouds
669,San Buenaventura,MX,27.0833,-101.5333,56.48,50,75,6.91,broken clouds
670,Uyemskiy,RU,64.4743,40.8524,32.05,86,100,17.9,overcast clouds
671,Warrington,GB,53.3925,-2.5802,41.99,77,20,13.8,few clouds
672,Robore,BO,-18.3333,-59.75,86.09,66,20,0.0,few clouds
673,Mecca,SA,21.4267,39.8261,79.5,47,0,10.4,clear sky
674,Nemuro,JP,43.3236,145.575,22.73,66,34,9.04,scattered clouds
675,Playas,EC,-2.6333,-80.3833,73.42,85,100,6.78,light rain
676,Edirne,TR,41.6772,26.556,61.81,69,0,22.82,clear sky
677,Caravelas,BR,-17.7125,-39.2481,83.98,62,50,8.93,scattered clouds
678,Iisalmi,FI,63.5592,27.1907,31.14,97,100,8.57,light snow
679,Rundu,NA,-17.9333,19.7667,84.56,49,100,1.05,overcast clouds
680,Kedrovyy,RU,56.1667,91.8167,9.01,94,100,8.97,light snow
681,Zaraysk,RU,54.7653,38.8836,33.12,93,100,15.73,overcast clouds
682,Egvekinot,RU,66.3167,-179.1667,-29.16,87,74,7.92,broken clouds
683,Amga,RU,60.8953,131.9608,-56.07,100,91,0.25,overcast clouds
684,Humberto De Campos,BR,-2.5983,-43.4611,83.14,70,83,3.65,broken clouds
685,Ulundi,ZA,-28.3352,31.4162,92.37,42,100,5.99,overcast clouds
686,Conceicao Do Araguaia,BR,-8.2578,-49.2647,77.36,84,100,6.8,overcast clouds
687,Avera,US,33.194,-82.5271,63.91,77,100,12.8,overcast clouds
688,Calvinia,ZA,-31.4707,19.776,88.09,14,1,17.72,clear sky
689,Hobyo,SO,5.3505,48.5268,78.17,71,20,23.0,few clouds
690,Kaolack,SN,14.1825,-16.2533,96.6,8,1,12.97,clear sky
691,Hit,IQ,33.6416,42.8251,60.19,50,0,9.04,clear sky
692,Zhigansk,RU,66.7697,123.3711,-45.26,99,56,3.02,broken clouds
693,Saint-Augustin,CA,51.226,-58.6502,32.41,73,100,22.26,overcast clouds
694,Hailey,US,43.5196,-114.3153,18.99,94,100,5.08,overcast clouds
695,Copiapo,CL,-27.3667,-70.3333,65.89,42,0,7.23,clear sky
696,Pitimbu,BR,-7.4706,-34.8086,84.79,74,98,10.56,light rain
697,Kholodnyy,RU,62.7167,147.95,-37.05,100,80,4.61,broken clouds
698,Tulun,RU,54.5611,100.5792,-2.65,98,100,3.71,light snow
699,Olafsvik,IS,64.8945,-23.7142,26.71,71,100,15.79,overcast clouds
700,Hazorasp,UZ,41.3194,61.0742,24.64,57,70,2.89,broken clouds
701,Esmeraldas,BR,-19.7625,-44.3139,77.86,68,56,4.72,broken clouds
702,Bonfim,BR,3.0833,-59.95,84.65,51,20,8.39,few clouds
703,Verkhnyaya Inta,RU,65.9811,60.3094,20.21,92,100,7.11,overcast clouds
704,Marinette,US,45.1,-87.6307,34.25,100,100,17.27,snow
705,Westport,US,41.1415,-73.3579,42.89,80,100,1.01,light rain
706,Ngunguru,NZ,-35.6167,174.5,61.12,91,17,8.55,few clouds
707,Port Augusta,AU,-32.5,137.7667,63.34,54,4,12.28,clear sky
